A1_COD;A1_NOME;A1_CGC
P001;MARIA DA SILVA;000.000.001-00
P002;JOAO PEREIRA;000.000.002-00
P003;ANA SOUZA;000.000.003-00
P004;PEDRO ALMEIDA;000.000.004-00
P005;LUCIA FERREIRA;000.000.005-00
P006;CARLOS LIMA;000.000.006-00
P007;FERNANDA COSTA;000.000.007-00
P008;RAFAEL GOMES;000.000.008-00
P009;JULIANA ROCHA;000.000.009-00
P010;MARCOS DIAS;000.000.010-00
P011;PATRICIA MOURA;000.000.011-00
P012;ROBERTO CARDOSO;000.000.012-00
P013;CAMILA TEIXEIRA;000.000.013-00
P014;DIEGO MARTINS;000.000.014-00
P015;BEATRIZ RAMOS;000.000.015-00
P016;THIAGO BARBOSA;000.000.016-00
P017;LARISSA PINTO;000.000.017-00
P018;GUSTAVO MENDES;000.000.018-00
P019;ALINE CASTRO;000.000.019-00
P020;FELIPE ARAUJO;000.000.020-00
P021;SANDRA LOPES;000.000.021-00
P022;VINICIUS NUNES;000.000.022-00
P023;RENATA FREITAS;000.000.023-00
P024;EDUARDO VIEIRA;000.000.024-00
P025;GABRIELA MONTEIRO;000.000.025-00
P026;LEONARDO CORREIA;000.000.026-00
P027;TATIANA REIS;000.000.027-00
