Z1_NUMATE;Z1_DATA;Z1_PACIENT;Z1_TIPO;Z1_CONVEN;Z1_PROCED;Z1_MEDICO;Z1_GUIA;Z1_AUTORIZ;Z1_STATUS;Z1_FORMPG;Z1_PARCELA
A0001;20260803;P001;C;001;10101012;M01;G1001;AUT5001;R;;
A0002;20260803;P002;C;001;40304361;M01;G1002;AUT5002;R;;
A0003;20260804;P003;C;001;10101012;M01;G1003;;R;;
A0004;20260806;P004;C;001;41101227;M03;G1004;AUT5004;R;;
A0005;20260810;P005;C;001;40901122;M02;G1005;AUT5005;R;;
A0006;20260810;P005;C;001;40901122;M02;G1005;AUT5005;R;;
A0007;20260812;P006;C;001;10101039;M01;G1007;AUT5007;R;;
A0008;20260814;P007;C;001;10101012;M03;G1008;AUT5008;C;;
A0009;20260730;P008;C;001;10101012;M01;G0999;AUT4999;R;;
A0010;20260805;P009;C;002;10101012;M01;G2001;;R;;
A0011;20260805;P009;C;002;40302040;M01;G2002;;R;;
A0012;20260811;P010;C;002;40901122;M02;G2003;;R;;
A0013;20260813;P011;C;002;41101227;M03;G2004;;R;;
A0014;20260818;P012;C;002;41101227;M03;G2005;AUT6005;R;;
A0015;20260820;P013;C;002;10101039;M01;G2006;;R;;
A0016;20260825;P014;C;002;10101012;M03;G2007;;R;;
A0017;20260802;P015;C;005;10101012;M01;G5001;AUT7001;R;;
A0018;20260807;P016;C;005;10101012;M01;G5002;AUT7002;R;;
A0019;20260807;P016;C;005;40304361;M01;G5003;AUT7003;R;;
A0020;20260815;P017;C;005;41101227;M03;G5004;AUT7004;R;;
A0021;20260819;P018;C;005;10101039;M01;G5005;;R;;
A0022;20260821;P019;C;005;40901122;M02;G5006;AUT7006;R;;
A0023;20260827;P020;C;005;10101039;M03;G5007;AUT7007;R;;
A0024;20260804;P021;P;PAR;10101012;M01;;;R;PIX;1
A0025;20260806;P022;P;PAR;40901122;M02;;;R;CARTAO;3
A0026;20260807;P023;P;PAR;10101012;M03;;;R;BOLETO;1
A0027;20260812;P024;P;PAR;41101227;M03;;;R;CARTAO;2
A0028;20260819;P025;P;PAR;10101039;M01;;;R;PIX;1
A0029;20260826;P026;P;PAR;40304361;M01;;;R;BOLETO;1
A0030;20260828;P027;P;PAR;10101012;M03;;;R;CARTAO;4
