Z3_CONVEN;Z3_PROCED;Z3_DESCRI;Z3_VALOR;Z3_COBERTO
001;10101012;CONSULTA ELETIVA EM CONSULTORIO;120.00;S
001;10101039;CONSULTA EM PRONTO ATENDIMENTO;150.00;S
001;40304361;HEMOGRAMA COMPLETO;18.50;S
001;40302040;GLICOSE;9.80;S
001;40901122;US ABDOME TOTAL;210.00;S
001;41101227;RM ARTICULACAO JOELHO;1250.00;S
002;10101012;CONSULTA ELETIVA EM CONSULTORIO;95.00;S
002;10101039;CONSULTA EM PRONTO ATENDIMENTO;130.00;S
002;40304361;HEMOGRAMA COMPLETO;15.00;S
002;40302040;GLICOSE;8.00;S
002;40901122;US ABDOME TOTAL;180.00;N
002;41101227;RM ARTICULACAO JOELHO;1080.00;S
005;10101012;CONSULTA ELETIVA EM CONSULTORIO;140.00;S
005;10101039;CONSULTA EM PRONTO ATENDIMENTO;160.00;S
005;40304361;HEMOGRAMA COMPLETO;21.00;S
005;40302040;GLICOSE;11.30;S
005;40901122;US ABDOME TOTAL;230.00;S
005;41101227;RM ARTICULACAO JOELHO;1400.00;S
PAR;10101012;CONSULTA ELETIVA EM CONSULTORIO;149.00;S
PAR;10101039;CONSULTA EM PRONTO ATENDIMENTO;189.00;S
PAR;40304361;HEMOGRAMA COMPLETO;29.90;S
PAR;40302040;GLICOSE;14.90;S
PAR;40901122;US ABDOME TOTAL;260.00;S
PAR;41101227;RM ARTICULACAO JOELHO;1590.00;S
