server_type,tier,server_count,sessions_per_server_mid,acus_per_session_mid,retry_overhead_mid,acus_mid,review_hours_mid,usd_mid_at_1.667,sessions_per_server_high,acus_per_session_high,retry_overhead_high,acus_high,review_hours_high,usd_high_at_1.667
RHEL7,OS upgrade,1566,1.0,16,1.2,30067.2,783.0,50122.02,2.0,30,1.35,126846.0,1566.0,211452.28
Windows 2016,OS upgrade,1102,1.0,16,1.2,21158.4,551.0,35271.05,2.0,30,1.35,89262.0,1102.0,148799.75
Windows 2012,OS upgrade,22,1.0,16,1.2,422.4,11.0,704.14,2.0,30,1.35,1782.0,22.0,2970.59
RHEL6,OS upgrade,12,1.0,16,1.2,230.4,6.0,384.08,2.0,30,1.35,972.0,12.0,1620.32
SUBTOTAL OS upgrade,OS upgrade,2702,,,1.2,51878.4,1351.0,86481.29,,,1.35,218862.0,2702.0,364842.95
JWS v5,App server / middleware,405,2.0,30,1.2,29160.0,405.0,48609.72,3.0,50,1.35,82012.5,810.0,136714.84
JBOSS EAP v7.x,App server / middleware,230,2.0,30,1.2,16560.0,230.0,27605.52,3.0,50,1.35,46575.0,460.0,77640.53
Confluent Kafka,App server / middleware,147,2.0,30,1.2,10584.0,147.0,17643.53,3.0,50,1.35,29767.5,294.0,49622.42
MQ Mod,App server / middleware,47,2.0,30,1.2,3384.0,47.0,5641.13,3.0,50,1.35,9517.5,94.0,15865.67
WAS Liberty v21.x,App server / middleware,20,2.0,30,1.2,1440.0,20.0,2400.48,3.0,50,1.35,4050.0,40.0,6751.35
WAS7,App server / middleware,5,2.0,30,1.2,360.0,5.0,600.12,3.0,50,1.35,1012.5,10.0,1687.84
SUBTOTAL App server / middleware,App server / middleware,854,,,1.2,61488.0,854.0,102500.5,,,1.35,172935.0,1708.0,288282.65
SQL2016,Database,120,3.0,50,1.2,21600.0,240.0,36007.2,5.0,80,1.35,64800.0,480.0,108021.6
SQL2017,Database,48,3.0,50,1.2,8640.0,96.0,14402.88,5.0,80,1.35,25920.0,192.0,43208.64
Oracle12c,Database,18,3.0,50,1.2,3240.0,36.0,5401.08,5.0,80,1.35,9720.0,72.0,16203.24
SUBTOTAL Database,Database,186,,,1.2,33480.0,372.0,55811.16,,,1.35,100440.0,744.0,167433.48
Pega v24.1,Pega platform,63,4.0,60,1.2,18144.0,126.0,30246.05,6.0,100,1.35,51030.0,252.0,85067.01
Pega v8.8,Pega platform,60,4.0,60,1.2,17280.0,120.0,28805.76,6.0,100,1.35,48600.0,240.0,81016.2
Pega v24.2,Pega platform,33,4.0,60,1.2,9504.0,66.0,15843.17,6.0,100,1.35,26730.0,132.0,44558.91
Pega v7.x,Pega platform,13,4.0,60,1.2,3744.0,26.0,6241.25,6.0,100,1.35,10530.0,52.0,17553.51
Pega v23.1,Pega platform,7,4.0,60,1.2,2016.0,14.0,3360.67,6.0,100,1.35,5670.0,28.0,9451.89
SUBTOTAL Pega platform,Pega platform,176,,,1.2,50688.0,352.0,84496.9,,,1.35,142560.0,704.0,237647.52
GRAND TOTAL,all,3918,,,1.2,197534.4,2929.0,329289.84,,,1.35,634797.0,5858.0,1058206.6
