Z6_LOTE;Z6_NUMATE;Z6_GUIA;Z6_PROCED;Z6_VLTAB;Z6_VLDESC;Z6_VLCOPAR;Z6_VLFAT;Z6_VLGLOSA;Z6_MOTGLO
000001;A0001;G1001;10101012;120.00;0.00;0.00;120.00;0.00;
000001;A0002;G1002;40304361;18.50;0.00;0.00;18.50;0.00;
000001;A0003;G1003;10101012;120.00;0.00;0.00;0.00;120.00;G01
000001;A0004;G1004;41101227;1250.00;0.00;0.00;1250.00;0.00;
000001;A0005;G1005;40901122;210.00;0.00;0.00;210.00;0.00;
000001;A0006;G1005;40901122;210.00;0.00;0.00;0.00;210.00;G04
000001;A0007;G1007;10101039;150.00;0.00;0.00;150.00;0.00;
000002;A0010;G2001;10101012;95.00;0.00;19.00;76.00;0.00;
000002;A0011;G2002;40302040;8.00;0.00;1.60;6.40;0.00;
000002;A0012;G2003;40901122;180.00;0.00;0.00;0.00;180.00;G02
000002;A0013;G2004;41101227;1080.00;0.00;0.00;0.00;1080.00;G01
000002;A0014;G2005;41101227;1080.00;0.00;216.00;864.00;0.00;
000002;A0015;G2006;10101039;130.00;0.00;26.00;104.00;0.00;
000002;A0016;G2007;10101012;95.00;0.00;19.00;76.00;0.00;
000003;A0017;G5001;10101012;140.00;0.00;0.00;0.00;140.00;G03
000003;A0018;G5002;10101012;140.00;14.00;12.60;113.40;0.00;
000003;A0019;G5003;40304361;21.00;0.00;2.10;18.90;0.00;
000003;A0020;G5004;41101227;1400.00;0.00;140.00;1260.00;0.00;
000003;A0021;G5005;10101039;160.00;0.00;0.00;0.00;160.00;G01
000003;A0022;G5006;40901122;230.00;0.00;23.00;207.00;0.00;
000003;A0023;G5007;10101039;160.00;16.00;14.40;129.60;0.00;
