Z7_COMPET;Z7_MEDICO;Z7_NUMATE;Z7_PROCED;Z7_BASE;Z7_PERC;Z7_VALOR
202608;M01;A0001;10101012;120.00;60.00;72.00
202608;M01;A0007;10101039;150.00;65.00;97.50
202608;M01;A0010;10101012;95.00;60.00;57.00
202608;M01;A0015;10101039;130.00;65.00;84.50
202608;M01;A0018;10101012;126.00;60.00;75.60
202608;M01;A0024;10101012;149.00;60.00;89.40
202608;M01;A0028;10101039;189.00;65.00;122.85
202608;M02;A0005;40901122;210.00;45.00;94.50
202608;M02;A0022;40901122;230.00;45.00;103.50
202608;M02;A0025;40901122;260.00;45.00;117.00
202608;M03;A0004;41101227;1250.00;55.00;687.50
202608;M03;A0014;41101227;1080.00;55.00;594.00
202608;M03;A0016;10101012;95.00;55.00;52.25
202608;M03;A0020;41101227;1400.00;55.00;770.00
202608;M03;A0023;10101039;144.00;60.00;86.40
202608;M03;A0026;10101012;149.00;55.00;81.95
202608;M03;A0027;41101227;1590.00;55.00;874.50
202608;M03;A0030;10101012;149.00;55.00;81.95
